,avg_five,avg_hundred_twenty,avg_sixty,avg_ten,avg_twenty,date,finial_price,foreign_investment,highest_price,legal_person,lowest_price,opening_price,quantity,self_employed,short_buy,short_sell
0,28.619999999999997,29.990416666666672,28.07749999999999,28.57,28.354999999999997,2016/12/27,28.6,1213,28.85,390,28.6,28.65,77,11873,5,11873
1,28.669999999999998,30.034166666666675,28.099166666666655,28.53,28.3525,2016/12/26,28.6,1241,28.75,483,28.6,28.6,76,11854,5416,11854
2,28.669999999999998,30.078333333333337,28.118333333333325,28.465000000000003,28.2875,2016/12/23,28.5,8404,28.7,1927,28.5,28.7,43,266,5439,66
3,28.740000000000002,30.117500000000007,28.11999999999999,28.415000000000003,28.224999999999994,2016/12/22,28.7,8387,28.75,1927,28.5,28.7,63,266,5437,66
4,28.640000000000004,30.149166666666677,28.110833333333325,28.329999999999995,28.167499999999997,2016/12/21,28.7,8393,29.0,1927,28.6,28.95,68,264,5422,76
5,28.520000000000003,30.176666666666673,28.115833333333324,28.25,28.112499999999994,2016/12/20,28.85,8396,28.85,1927,28.3,28.6,187,266,5425,76
6,28.390000000000004,30.20083333333334,28.116666666666656,28.169999999999998,28.034999999999997,2016/12/19,28.6,8537,28.95,1927,28.5,28.8,142,262,5451,76
7,28.26,30.22583333333334,28.124166666666657,28.080000000000002,27.97,2016/12/16,28.85,8537,28.9,1927,28.2,28.25,339,283,5474,77
8,28.090000000000003,30.251666666666672,28.120833333333323,28.0,27.9,2016/12/15,28.2,8496,28.3,1927,28.0,28.2,131,264,5479,77
9,28.02,30.28750000000001,28.136666666666656,28.045000000000005,27.857499999999998,2016/12/14,28.1,8445,28.35,1927,28.1,28.35,60,277,5484,65
10,27.98,30.329166666666673,28.154166666666654,28.140000000000004,27.8125,2016/12/13,28.2,8389,28.2,1927,27.85,28.0,80,227,5493,65
11,27.95,30.369583333333345,28.172499999999992,28.175,27.7375,2016/12/12,27.95,8360,28.1,1927,27.75,27.75,80,245,5496,65
12,27.9,30.409583333333345,28.203333333333322,28.110000000000003,27.669999999999998,2016/12/09,28.0,8361,28.2,1927,27.85,28.2,103,245,5511,65
13,27.910000000000004,30.44625000000001,28.233333333333324,28.035000000000004,27.5825,2016/12/08,27.85,8320,28.2,1927,27.85,27.9,180,245,5506,65
14,28.07,30.481666666666676,28.269166666666656,28.005000000000003,27.5325,2016/12/07,27.9,8315,28.25,1927,27.85,28.25,57,245,5486,65
15,28.3,30.52166666666668,28.30249999999999,27.975,27.4375,2016/12/06,28.05,8275,28.05,1927,27.9,27.9,107,245,5486,74
16,28.4,30.56250000000001,28.36249999999999,27.9,27.410000000000004,2016/12/05,27.7,8274,28.15,1927,27.65,28.1,163,248,5489,69
17,28.320000000000004,30.606666666666676,28.424166666666657,27.860000000000003,27.3975,2016/12/02,28.05,8265,28.6,1927,28.0,28.6,217,254,5503,67
18,28.160000000000004,30.657916666666676,28.473333333333322,27.8,27.335,2016/12/01,28.65,8273,29.0,1927,28.5,29.0,177,251,5526,83
19,27.939999999999998,30.702083333333345,28.510833333333323,27.669999999999998,27.24,2016/11/30,29.05,8304,29.2,1927,28.5,28.55,784,250,5525,89
20,27.65,30.74291666666668,28.554166666666656,27.485000000000003,27.1375,2016/11/29,28.55,8311,28.8,1927,27.5,27.5,1024,260,5634,79
21,27.4,30.793333333333347,28.59249999999999,27.3,27.097500000000004,2016/11/28,27.3,8328,27.4,1927,27.25,27.25,233,271,5581,107
22,27.4,30.857083333333346,28.659166666666657,27.23,27.120000000000005,2016/11/25,27.25,8244,27.45,1927,27.25,27.3,193,264,5580,100
23,27.439999999999998,30.92125000000001,28.724166666666658,27.130000000000003,27.157500000000006,2016/11/24,27.55,8056,27.55,1927,27.3,27.5,87,271,5563,89
24,27.4,30.98333333333335,28.786666666666658,27.060000000000002,27.185000000000002,2016/11/23,27.6,8008,27.65,1927,27.35,27.35,126,249,5544,90
25,27.32,31.03541666666668,28.84499999999999,26.9,27.2275,2016/11/22,27.3,7952,27.8,1927,27.3,27.3,299,249,5565,89
26,27.2,31.09166666666668,28.893333333333327,26.919999999999998,27.2875,2016/11/21,27.3,7955,27.45,1927,27.25,27.3,103,249,5583,91
27,27.059999999999995,31.147083333333345,28.938333333333325,26.934999999999995,27.3525,2016/11/18,27.45,8033,27.9,1927,27.05,27.35,225,249,5575,88
28,26.82,31.20000000000001,28.997499999999995,26.869999999999997,27.405,2016/11/17,27.35,8081,27.5,1927,27.15,27.5,133,249,5617,76
29,26.72,31.254166666666677,29.067499999999992,26.810000000000002,27.46,2016/11/16,27.2,8126,27.45,1927,27.0,27.1,245,256,5648,75
30,26.48,31.309583333333347,29.14749999999999,26.79,27.5375,2016/11/15,26.7,8119,27.1,1927,26.45,26.45,190,244,5680,72
31,26.639999999999997,31.372916666666683,29.235833333333325,26.895,27.630000000000003,2016/11/14,26.6,8073,26.6,1927,26.3,26.4,122,244,6198,98
32,26.810000000000002,31.430000000000014,29.329166666666655,27.01,27.714999999999996,2016/11/11,26.25,7975,26.85,1927,26.05,26.85,183,244,6245,127
33,26.919999999999998,31.487916666666685,29.424166666666657,27.185000000000002,27.817500000000003,2016/11/10,26.85,8006,27.0,1927,26.65,26.75,161,243,6229,127
34,26.9,31.536250000000017,29.51666666666666,27.310000000000002,27.915,2016/11/09,26.0,8010,27.75,1927,24.75,27.5,868,269,6249,116
35,27.1,31.59333333333335,29.630833333333324,27.554999999999996,28.045000000000005,2016/11/08,27.5,8063,27.7,1927,27.35,27.6,225,268,6441,126
36,27.15,31.63208333333335,29.735833333333325,27.654999999999994,28.105,2016/11/07,27.45,8038,27.5,1955,27.05,27.1,262,262,6503,106
37,27.21,31.662916666666682,29.835833333333323,27.77,28.225,2016/11/04,26.8,8016,26.9,1955,26.65,26.75,218,291,6507,91
38,27.45,31.70000000000002,29.95999999999999,27.939999999999998,28.385,2016/11/03,26.75,7971,27.15,1955,26.45,26.9,469,291,6591,116
39,27.72,31.740416666666686,30.084166666666658,28.109999999999996,28.560000000000002,2016/11/02,27.0,7989,27.55,1955,26.9,27.55,745,331,6630,118
40,28.009999999999998,31.77958333333335,30.209166666666658,28.284999999999997,28.740000000000002,2016/11/01,27.75,7951,27.95,1955,27.65,27.9,119,334,6631,109
41,28.159999999999997,31.819166666666682,30.304999999999993,28.365,28.847500000000007,2016/10/31,27.75,7915,28.2,1955,27.65,28.2,204,373,6700,106
42,28.329999999999995,31.849166666666687,30.401666666666657,28.419999999999995,28.94750000000001,2016/10/28,28.0,8031,28.25,1955,27.95,28.1,215,392,6710,123
43,28.429999999999996,31.88208333333335,30.49499999999999,28.45,28.977500000000003,2016/10/27,28.1,8007,28.5,1955,28.0,28.3,327,393,6710,115
44,28.5,31.908750000000015,30.591666666666658,28.52,28.98,2016/10/26,28.45,8000,28.6,1955,28.4,28.5,181,396,6731,98
45,28.560000000000002,31.93083333333335,30.685833333333324,28.535000000000004,29.007500000000004,2016/10/25,28.5,8021,28.7,1955,28.4,28.7,144,400,6766,108
46,28.570000000000004,31.96000000000002,30.782499999999988,28.555,29.027500000000003,2016/10/24,28.6,8072,28.75,1955,28.35,28.75,236,400,6760,113
47,28.51,31.999166666666685,30.86666666666666,28.68,29.050000000000004,2016/10/21,28.5,8064,28.75,1955,28.15,28.15,312,400,6768,112
48,28.470000000000006,32.03958333333335,30.950833333333325,28.830000000000002,29.05750000000001,2016/10/20,28.45,8060,28.8,1955,28.2,28.8,350,415,6780,112
49,28.54,32.08250000000002,31.042499999999993,29.01,29.09250000000001,2016/10/19,28.75,8137,28.85,1955,28.55,28.55,221,415,6733,119
50,28.51,32.12083333333335,31.128333333333327,29.195000000000004,29.112500000000004,2016/10/18,28.55,8124,28.75,1875,28.15,28.65,204,414,6731,98
51,28.54,32.160416666666684,31.213333333333328,29.330000000000002,29.150000000000006,2016/10/17,28.3,8256,28.6,1875,28.1,28.3,219,397,6770,97
52,28.85,32.21083333333335,31.304999999999996,29.475,29.225000000000005,2016/10/14,28.3,8247,29.15,1875,28.25,29.05,450,397,6785,75
53,29.189999999999998,32.259583333333346,31.400833333333328,29.505000000000003,29.300000000000004,2016/10/13,28.8,8269,29.55,1790,28.6,28.6,449,402,6905,68
54,29.48,32.30083333333335,31.502499999999998,29.439999999999998,29.360000000000007,2016/10/12,28.6,8245,28.85,1790,27.9,28.85,540,402,6877,68
55,29.880000000000003,32.35083333333335,31.58833333333333,29.48,29.425000000000004,2016/10/11,28.7,8377,29.85,1790,28.6,29.85,530,401,6957,76
56,30.119999999999997,32.402916666666684,31.675,29.5,29.5725,2016/10/07,29.85,8197,30.0,1730,29.45,30.0,334,404,7122,69
57,30.1,32.445833333333354,31.741666666666667,29.420000000000005,29.65,2016/10/06,30.0,8206,30.3,1580,29.8,30.3,367,404,7243,76
58,29.82,32.48500000000002,31.799166666666668,29.285000000000004,29.7,2016/10/05,30.25,8293,30.75,1480,30.2,30.7,352,416,7306,95
59,29.4,32.51750000000002,31.85666666666667,29.175000000000004,29.732499999999998,2016/10/04,30.6,8282,30.8,1480,30.35,30.35,1209,418,7416,88
60,29.080000000000002,32.56500000000002,31.90333333333334,29.03,29.784999999999997,2016/10/03,29.9,8302,30.2,1410,29.4,29.85,616,417,7399,109
61,28.880000000000003,32.623750000000015,31.96916666666667,28.97,29.832499999999992,2016/09/30,29.75,8538,29.75,1410,28.15,28.4,1038,414,7371,109
62,28.740000000000002,32.66625000000002,32.038333333333334,28.975,29.909999999999997,2016/09/29,28.6,8686,28.6,1025,28.15,28.35,338,414,7093,100
63,28.75,32.71375000000002,32.115,29.095,30.0375,2016/09/26,28.15,8610,29.1,675,28.1,29.1,822,410,7042,80
64,28.95,32.76541666666669,32.18750000000001,29.28,30.194999999999993,2016/09/23,29.0,8827,29.1,0,28.8,28.95,250,407,6929,54
65,28.98,32.80625000000002,32.237500000000004,29.369999999999997,30.3,2016/09/22,28.9,8863,29.2,0,28.9,29.1,368,410,6910,50
66,29.060000000000002,32.84291666666669,32.285000000000004,29.645,30.365,2016/09/21,29.05,9057,29.2,0,28.65,28.7,524,413,6906,57
67,29.21,32.87291666666668,32.3275,29.880000000000003,30.412499999999994,2016/09/20,28.65,9108,29.2,0,28.5,29.15,736,413,6954,57
68,29.440000000000005,32.91208333333335,32.38250000000001,30.115,30.529999999999994,2016/09/19,29.15,9195,29.5,0,29.15,29.5,308,413,6789,55
69,29.610000000000003,32.949166666666684,32.43833333333334,30.29,30.649999999999995,2016/09/14,29.15,9056,29.65,0,29.15,29.25,319,417,6777,63
70,29.76,32.98458333333335,32.50416666666667,30.54,30.792499999999997,2016/09/13,29.3,9114,30.25,0,29.25,29.85,995,417,6781,113
71,30.23,33.02208333333335,32.56666666666667,30.695,30.9275,2016/09/12,29.8,9152,29.8,0,29.65,29.8,484,423,6743,114
72,30.55,33.06083333333335,32.615833333333335,30.845,31.047499999999996,2016/09/10,29.8,9180,30.0,0,29.7,30.0,725,423,6818,50
73,30.79,33.09791666666668,32.65916666666667,30.98,31.154999999999994,2016/09/09,30.0,9377,30.2,0,29.9,30.2,518,426,6917,56
74,30.97,33.12250000000001,32.694166666666675,31.109999999999996,31.274999999999995,2016/09/08,29.9,9492,30.45,0,29.75,30.0,2467,426,7384,23
75,31.32,33.14541666666668,32.740833333333335,31.23,31.422499999999996,2016/09/07,31.65,9492,31.65,0,31.35,31.4,2107,431,7326,22
76,31.160000000000004,33.15833333333334,32.7625,31.084999999999997,31.529999999999994,2016/09/06,31.4,9597,31.45,0,31.0,31.0,821,437,7204,0
77,31.140000000000004,33.167500000000004,32.789166666666674,30.945,31.6325,2016/09/05,31.0,8907,31.35,0,30.95,31.1,882,457,7228,0
78,31.170000000000005,33.18500000000001,32.84250000000001,30.945,31.794999999999998,2016/09/02,30.9,9006,31.75,0,30.8,31.55,1260,437,7106,0
79,31.25,33.19833333333334,32.89333333333334,31.009999999999998,31.96,2016/09/01,31.65,9173,31.9,0,30.9,31.0,1377,427,7023,0
80,31.140000000000004,33.20541666666667,32.93166666666668,31.044999999999998,32.102500000000006,2016/08/31,30.85,9746,31.1,0,30.6,31.0,958,436,6657,25
81,31.01,33.22041666666667,32.99416666666668,31.159999999999997,32.235,2016/08/30,31.3,10123,31.35,0,31.1,31.25,493,521,6553,33
82,30.75,33.236250000000005,33.055000000000014,31.25,32.347500000000004,2016/08/29,31.15,10234,31.5,0,30.9,31.3,893,428,6532,62
83,30.72,33.25291666666667,33.11833333333335,31.330000000000002,32.470000000000006,2016/08/26,31.3,10546,31.35,0,30.8,31.05,469,429,6494,65
84,30.77,33.27333333333333,33.180000000000014,31.439999999999998,32.60000000000001,2016/08/25,31.1,10656,31.4,0,30.2,30.2,1288,432,6537,73
85,30.95,33.29083333333333,33.22583333333334,31.615,32.75000000000001,2016/08/24,30.2,10912,30.5,110,30.0,30.1,1030,243,6255,81
86,31.310000000000002,33.31916666666667,33.290000000000006,31.975,32.955,2016/08/23,30.0,10990,30.9,110,29.7,30.9,1845,249,6166,108
87,31.75,33.34666666666667,33.355833333333344,32.32,33.1375,2016/08/22,31.0,11503,31.5,110,31.0,31.5,958,251,6039,96
88,31.939999999999998,33.36083333333333,33.40250000000001,32.644999999999996,33.265,2016/08/19,31.55,11994,32.2,110,31.5,31.9,730,259,6145,96
89,32.11,33.36708333333333,33.440833333333345,32.91,33.385000000000005,2016/08/18,32.0,12812,32.1,110,31.5,31.9,1046,253,6105,94
90,32.28,33.37041666666667,33.47166666666668,33.16,33.480000000000004,2016/08/17,32.0,13368,32.1,210,31.7,32.0,607,256,6071,107
91,32.64,33.377500000000005,33.51000000000001,33.309999999999995,33.5625,2016/08/16,32.2,13488,32.65,460,31.7,32.0,954,261,6058,122
92,32.89,33.377500000000005,33.53083333333335,33.445,33.6425,2016/08/15,31.95,13739,32.15,760,31.8,32.05,1102,259,5992,130
93,33.35,33.37791666666667,33.551666666666684,33.61,33.7475,2016/08/12,32.4,13778,33.2,860,32.3,32.85,913,270,5896,135
94,33.709999999999994,33.3575,33.55583333333335,33.76,33.8725,2016/08/11,32.85,13768,33.75,1246,32.7,33.75,1071,266,6123,209
95,34.04,33.33208333333334,33.55583333333335,33.885,33.917500000000004,2016/08/10,33.8,13748,33.85,1546,33.45,33.45,537,278,6249,186
96,33.980000000000004,33.29041666666667,33.52833333333335,33.934999999999995,33.9225,2016/08/09,33.45,13496,34.35,1600,33.35,34.25,1630,278,6266,104
97,34.0,33.24333333333334,33.490000000000016,33.955,33.9425,2016/08/08,34.25,13513,34.45,1735,34.0,34.3,681,276,6531,99
98,33.870000000000005,33.194166666666675,33.44000000000002,33.885,33.9025,2016/08/05,34.2,13398,34.5,1735,34.1,34.5,1105,294,6567,123
99,33.81,33.14708333333334,33.39666666666668,33.86,33.877500000000005,2016/08/04,34.5,13318,34.6,1735,33.9,33.9,3452,457,6627,155
100,33.730000000000004,33.102500000000006,33.350000000000016,33.8,33.822500000000005,2016/08/03,33.5,13268,33.55,1735,33.25,33.5,452,483,6850,163
101,33.89,33.067916666666676,33.33333333333335,33.81499999999999,33.84,2016/08/02,33.55,13238,33.6,1735,33.25,33.6,581,486,6809,131
102,33.91,33.03625000000001,33.29666666666668,33.83999999999999,33.8575,2016/08/01,33.6,13580,33.95,1735,33.55,33.9,819,392,6796,131
103,33.89999999999999,32.99458333333334,33.269166666666685,33.88499999999999,33.8375,2016/07/29,33.9,13639,34.2,1735,33.6,34.2,1126,376,6612,131
104,33.91,32.95041666666667,33.22583333333335,33.98499999999999,33.7675,2016/07/28,34.1,13707,34.4,1735,33.85,34.3,1006,375,6595,184
105,33.87,32.90458333333334,33.17583333333335,33.949999999999996,33.6625,2016/07/27,34.3,13877,34.6,1735,33.7,33.7,2491,339,6651,195
106,33.74,32.86208333333334,33.13750000000002,33.91,33.535000000000004,2016/07/26,33.65,13976,33.8,1935,33.45,33.55,346,338,6420,186
107,33.769999999999996,32.806666666666665,33.13166666666668,33.92999999999999,33.4325,2016/07/25,33.55,13945,34.1,1935,33.4,34.1,700,393,6466,193
108,33.87,32.742916666666666,33.128333333333345,33.919999999999995,33.352500000000006,2016/07/22,33.95,14117,34.2,2035,33.8,33.95,622,304,6549,191
109,34.059999999999995,32.67333333333333,33.12250000000001,33.894999999999996,33.28,2016/07/21,33.9,14109,34.15,2035,33.7,33.8,916,313,6525,187
110,34.029999999999994,32.60791666666667,33.11333333333334,33.84499999999999,33.24,2016/07/20,33.65,14087,33.8,2035,33.3,33.8,722,340,6815,194
111,34.08,32.53958333333333,33.1075,33.864999999999995,33.21000000000001,2016/07/19,33.8,14065,34.0,2035,33.5,34.0,1236,360,6960,200
112,34.089999999999996,32.46375,33.11666666666667,33.87499999999999,33.157500000000006,2016/07/18,34.05,13728,34.9,2035,34.05,34.9,2082,384,7029,195
113,33.97,32.38833333333333,33.11833333333334,33.79,33.075,2016/07/15,34.9,13570,35.0,2135,33.7,33.8,6103,380,6949,164
114,33.730000000000004,32.31499999999999,33.09916666666667,33.55,32.93500000000001,2016/07/14,33.75,13440,34.1,2335,33.65,34.0,846,395,6969,276
115,33.660000000000004,32.23916666666666,33.11333333333334,33.37499999999999,32.88250000000001,2016/07/13,33.9,13449,34.15,2775,33.6,34.0,609,448,7317,160
116,33.650000000000006,32.16208333333333,33.130833333333335,33.16,32.83500000000001,2016/07/12,33.85,12871,34.2,2935,33.35,33.6,1981,380,7323,196
117,33.660000000000004,32.10791666666666,33.150000000000006,32.934999999999995,32.792500000000004,2016/07/11,33.45,12774,34.0,2935,33.45,33.95,973,359,7753,203
118,33.61,32.05083333333333,33.170833333333334,32.785,32.830000000000005,2016/07/07,33.7,12678,33.9,3010,33.3,33.65,1041,359,7713,158
119,33.37,32.004999999999995,33.178333333333335,32.665,32.84250000000001,2016/07/06,33.4,12285,33.75,3129,33.3,33.6,1463,470,7599,135
120,33.089999999999996,31.962499999999995,33.22666666666667,32.635000000000005,32.87000000000001,2016/07/05,33.85,12351,34.25,3129,33.8,34.1,4065,545,7540,139
121,32.67,31.915,33.278333333333336,32.555,32.90750000000001,2016/07/04,33.9,12424,33.9,3129,32.85,33.2,2613,512,7717,196
122,32.21,31.874583333333327,33.29416666666667,32.440000000000005,32.96000000000001,2016/07/01,33.2,12691,33.3,3129,32.5,32.55,1781,530,7833,91
123,31.96,31.84416666666666,33.3125,32.36,33.04750000000001,2016/06/30,32.5,12690,33.1,3129,32.25,32.25,1489,494,7986,92
124,31.96,31.82083333333333,33.343333333333334,32.32,33.17250000000001,2016/06/29,32.0,12654,32.3,3129,32.0,32.1,863,293,7838,92
125,32.18,31.80083333333333,33.375,32.39,33.26500000000001,2016/06/28,31.75,12605,32.7,3129,31.6,31.65,1671,285,7817,101
126,32.440000000000005,31.78541666666666,33.40083333333334,32.510000000000005,33.38000000000001,2016/06/27,31.6,12687,31.8,4554,31.4,31.8,526,250,7946,104
127,32.67,31.763749999999995,33.41833333333334,32.65,33.49750000000001,2016/06/24,31.95,12714,32.65,4554,31.0,32.5,1129,261,7967,117
128,32.76,31.747916666666658,33.44166666666667,32.875,33.59000000000001,2016/06/23,32.5,12691,33.1,4654,32.5,33.1,450,295,8219,102
129,32.67999999999999,31.728749999999994,33.46,33.019999999999996,33.65750000000001,2016/06/22,33.1,12672,33.1,4786,32.85,32.85,440,322,8245,95
130,32.6,31.71291666666666,33.465,33.105,33.69500000000001,2016/06/21,33.05,12728,33.05,4786,32.7,32.7,350,371,8265,96
131,32.58,31.702499999999993,33.4775,33.26,33.75750000000001,2016/06/20,32.75,12788,32.9,4786,32.4,32.6,423,375,8200,96
132,32.629999999999995,31.69374999999999,33.505833333333335,33.48,33.792500000000004,2016/06/17,32.4,12817,32.75,4786,32.3,32.3,436,398,8198,97
133,32.989999999999995,31.67541666666666,33.53666666666667,33.735,33.83250000000001,2016/06/16,32.1,12835,32.65,4786,32.05,32.5,585,420,8313,97
134,33.36,31.659583333333327,33.55083333333333,34.02499999999999,33.86000000000001,2016/06/15,32.7,12820,32.85,4821,32.35,32.85,537,482,8407,93
135,33.61,31.63916666666666,33.55,34.14,33.86750000000001,2016/06/14,32.95,12793,33.0,4821,32.35,33.0,619,461,8450,109
136,33.94,31.61041666666666,33.55416666666667,34.24999999999999,33.82750000000001,2016/06/13,33.0,12744,33.9,4904,32.6,33.9,650,471,8434,109
137,34.330000000000005,31.59791666666666,33.545833333333334,34.34499999999999,33.73500000000001,2016/06/08,34.2,12731,34.3,5104,33.85,34.3,324,473,8457,110
138,34.480000000000004,31.563333333333325,33.5275,34.30499999999999,33.587500000000006,2016/06/07,33.95,12841,34.1,5104,33.8,34.0,461,482,8498,110
139,34.69,31.552499999999995,33.50333333333334,34.295,33.470000000000006,2016/06/06,33.95,12880,34.7,5104,33.75,34.7,815,610,8660,114
140,34.67,31.547083333333326,33.479166666666664,34.285000000000004,33.3575,2016/06/04,34.6,12879,35.1,5104,34.45,35.1,409,622,8836,115
141,34.559999999999995,31.517083333333325,33.446666666666665,34.255,33.252500000000005,2016/06/03,34.95,12858,35.5,5004,34.6,35.25,904,633,8755,114
142,34.36,31.487083333333324,33.4175,34.105000000000004,33.072500000000005,2016/06/02,34.95,12912,35.35,5004,34.1,35.0,1424,703,8635,115
143,34.13,31.44791666666666,33.387499999999996,33.93,32.9225,2016/06/01,35.0,12912,35.1,5004,33.85,33.9,1172,714,8763,125
144,33.9,31.39541666666666,33.36666666666666,33.69500000000001,32.737500000000004,2016/05/31,33.85,12940,34.15,5004,33.7,34.1,238,730,8647,135
145,33.9,31.343333333333323,33.35583333333333,33.595000000000006,32.60000000000001,2016/05/30,34.05,12861,34.2,4769,33.65,34.2,522,776,8670,125
146,33.95,31.27874999999999,33.34833333333333,33.40500000000001,32.4975,2016/05/27,33.95,12820,34.45,4769,33.7,34.0,508,770,9221,123
147,33.85,31.20041666666666,33.3375,33.12500000000001,32.465,2016/05/26,33.8,12807,34.05,4769,33.75,33.9,276,789,9302,124
148,33.730000000000004,31.116666666666656,33.31916666666667,32.870000000000005,32.44250000000001,2016/05/25,33.85,12661,34.4,4769,33.7,34.25,588,795,9370,133
149,33.489999999999995,31.034999999999986,33.29333333333333,32.645,32.43000000000001,2016/05/24,33.85,12650,34.3,4769,33.8,34.3,402,790,9410,132
150,33.29,30.957083333333323,33.26916666666666,32.43,32.40500000000001,2016/05/23,34.3,12600,34.5,4769,33.2,33.5,1344,789,9394,145
151,32.86,30.876249999999988,33.245,32.25000000000001,32.355000000000004,2016/05/20,33.45,12599,33.7,4769,32.9,33.5,606,789,9407,133
152,32.4,30.80249999999999,33.22416666666666,32.040000000000006,32.400000000000006,2016/05/19,33.2,12530,33.3,4769,32.5,33.0,670,789,9386,130
153,32.01,30.730416666666656,33.204166666666666,31.915,32.447500000000005,2016/05/18,32.65,12559,33.1,4723,32.6,33.0,425,768,9548,136
154,31.8,30.659166666666653,33.159166666666664,31.78,32.50250000000001,2016/05/17,32.85,12473,33.0,4674,32.4,32.55,1050,774,9533,195
155,31.57,30.58458333333332,33.10833333333333,31.605,32.59000000000001,2016/05/16,32.15,12229,32.2,4593,31.0,32.0,1136,811,9754,201
156,31.639999999999997,30.51708333333332,33.052499999999995,31.589999999999996,32.730000000000004,2016/05/13,31.15,12144,31.4,4593,29.7,31.25,1805,816,10005,206
157,31.679999999999996,30.462499999999984,32.996666666666655,31.805,32.92250000000001,2016/05/12,31.25,12048,31.8,4359,30.6,31.6,479,869,9997,213
158,31.82,30.40708333333332,32.94833333333332,32.015,33.09500000000001,2016/05/11,31.6,11990,32.4,4066,31.35,32.0,305,992,10098,109
159,31.759999999999998,30.354999999999983,32.897499999999994,32.215,33.22250000000001,2016/05/10,31.7,11996,32.45,4194,30.3,32.05,495,999,10105,140
160,31.639999999999997,30.304166666666653,32.85499999999999,32.38000000000001,33.4525,2016/05/09,32.5,12007,33.3,4194,31.35,31.35,832,995,10192,145
161,31.54,30.24416666666665,32.80249999999999,32.46000000000001,33.675000000000004,2016/05/06,31.35,12016,31.8,4194,31.3,31.8,359,982,9927,156
162,31.93,30.19791666666665,32.775833333333324,32.760000000000005,33.85000000000001,2016/05/05,31.95,12022,31.95,4194,30.8,31.05,511,984,9816,115
163,32.21,30.143333333333317,32.71999999999999,32.980000000000004,33.96750000000001,2016/05/04,31.3,11985,31.8,4194,31.15,31.15,563,976,9799,110
164,32.67,30.09458333333332,32.67499999999999,33.22500000000001,34.120000000000005,2016/05/03,31.1,12126,31.9,4194,30.75,31.5,1241,958,9836,97
165,33.12,30.045416666666654,32.63333333333332,33.575,34.260000000000005,2016/04/29,32.0,12099,33.0,4194,31.8,33.0,686,919,9869,89
166,33.379999999999995,29.979999999999986,32.58666666666666,33.87000000000001,34.325,2016/04/28,33.3,11964,33.45,4194,32.6,33.35,391,886,9746,62
167,33.589999999999996,29.907499999999985,32.481666666666655,34.040000000000006,34.292500000000004,2016/04/27,33.35,11743,33.85,4394,33.3,33.5,282,775,10024,41
168,33.75,29.840416666666652,32.357499999999995,34.175000000000004,34.292500000000004,2016/04/26,33.6,11833,33.9,4394,33.1,33.45,381,754,10740,19
169,33.78,29.772499999999987,32.22416666666666,34.230000000000004,34.292500000000004,2016/04/25,33.35,11887,33.95,4394,33.3,33.3,447,749,10727,0
170,34.03,29.707083333333323,32.10249999999999,34.525,34.295,2016/04/22,33.3,11975,34.8,4394,33.3,34.5,771,758,10647,0
171,34.36,29.644583333333323,31.97166666666666,34.89,34.32000000000001,2016/04/21,34.35,12001,34.6,4394,34.0,34.15,734,768,10755,0
172,34.489999999999995,29.572499999999987,31.81083333333333,34.94,34.325,2016/04/20,34.15,12000,34.3,4394,33.3,33.5,838,806,10816,2
173,34.6,29.502916666666653,31.658333333333328,34.955,34.33,2016/04/19,33.75,12139,34.8,4344,33.2,34.7,1617,855,10758,55
174,34.68,29.43749999999999,31.530833333333327,35.015,34.290000000000006,2016/04/18,34.6,12215,34.9,4344,34.15,34.8,699,851,10813,68
175,35.02,29.36499999999999,31.365,34.945,34.1925,2016/04/15,34.95,12126,35.0,4374,34.3,35.0,571,848,10902,104
176,35.42,29.28624999999999,31.19333333333333,34.78,34.105000000000004,2016/04/14,35.0,12296,36.0,4399,34.75,35.5,1405,853,10946,169
177,35.39,29.20874999999999,31.06583333333333,34.545,33.980000000000004,2016/04/13,34.7,12328,34.85,4399,34.25,34.35,702,798,10948,188
178,35.31,29.13458333333332,30.93083333333333,34.410000000000004,33.9,2016/04/12,34.15,12267,36.3,4389,33.65,35.9,3352,767,10978,203
179,35.35,29.065833333333323,30.83166666666666,34.355000000000004,33.8175,2016/04/11,36.3,12287,37.1,4389,36.05,36.7,2527,832,11276,204
180,34.870000000000005,28.977083333333326,30.698333333333327,34.065000000000005,33.627500000000005,2016/04/08,36.95,12229,37.25,4364,35.1,35.1,6195,836,11195,199
181,34.14,28.884166666666655,30.55166666666666,33.75,33.4125,2016/04/07,34.85,12358,34.95,4329,34.2,34.5,1613,866,10548,205
182,33.7,28.80958333333332,30.45499999999999,33.71,33.33,2016/04/06,34.3,12692,34.85,4224,33.7,34.5,1303,948,10588,153
183,33.51,28.729583333333327,30.375833333333325,33.705,33.2725,2016/04/01,34.35,12442,34.85,3914,34.1,34.1,2974,652,10544,156
184,33.36,28.647083333333327,30.298333333333325,33.565,33.2425,2016/03/31,33.9,12256,34.1,3515,33.45,33.5,2025,607,10382,151
185,33.26,28.567916666666658,30.226666666666656,33.44,33.207499999999996,2016/03/30,33.3,12495,33.6,3402,32.35,32.75,1066,596,11285,138
186,33.36,28.493749999999995,30.169999999999995,33.43,33.222500000000004,2016/03/29,32.65,12308,33.3,2994,31.2,33.3,1612,647,11396,153
187,33.72,28.42541666666666,30.10916666666666,33.415000000000006,33.255,2016/03/28,33.35,12297,33.9,2238,33.25,33.85,421,501,11712,123
188,33.9,28.35041666666666,30.05416666666666,33.39,33.2225,2016/03/25,33.6,12025,33.7,2214,33.2,33.3,697,527,11646,139
189,33.769999999999996,28.266249999999996,29.99749999999999,33.28,33.1575,2016/03/24,33.4,11887,34.05,2141,33.25,33.5,841,540,11656,138
190,33.62,28.183749999999993,29.960833333333326,33.190000000000005,33.1075,2016/03/23,33.8,11980,34.55,2141,33.35,34.35,2070,542,11369,143
191,33.50000000000001,28.097916666666663,29.927499999999995,33.075,33.059999999999995,2016/03/22,34.45,12076,35.5,2061,34.3,35.05,3225,501,11874,145
192,33.11,28.006666666666664,29.88166666666666,32.95,32.9475,2016/03/21,34.25,12182,35.05,1976,34.0,34.0,3298,497,11797,126
193,32.88,27.916666666666664,29.81416666666666,32.84,32.834999999999994,2016/03/18,32.95,12376,33.1,1901,32.4,32.7,853,458,11516,117
194,32.790000000000006,27.837499999999995,29.768333333333327,32.92,32.684999999999995,2016/03/17,32.65,12588,33.65,1661,32.6,33.5,643,361,11131,119
195,32.760000000000005,27.76083333333333,29.728333333333328,32.975,32.542500000000004,2016/03/16,33.2,12676,33.4,981,32.5,32.5,531,348,11254,113
196,32.65,27.679166666666664,29.66666666666666,33.015,32.3225,2016/03/15,32.5,12745,33.4,981,32.3,33.4,744,323,11128,129
197,32.79,27.604166666666668,29.64999999999999,33.095,32.08749999999999,2016/03/14,33.1,12885,33.4,981,32.55,32.9,887,323,11297,122
198,32.8,27.51833333333333,29.599166666666658,33.05499999999999,31.849999999999994,2016/03/11,32.5,12758,32.8,981,32.15,32.55,782,322,11434,114
199,33.05,27.430416666666662,29.601666666666663,33.035,31.652499999999993,2016/03/10,32.5,12842,33.35,931,31.9,32.6,1311,317,11290,110
200,33.19,27.34125,29.61499999999999,33.02499999999999,31.484999999999992,2016/03/09,32.65,12817,33.85,931,32.5,32.85,1756,344,10977,125
201,33.38000000000001,27.24833333333333,29.58749999999999,33.045,31.319999999999993,2016/03/08,33.2,12824,33.5,1141,32.85,33.1,751,345,10678,129
202,33.4,27.145,29.556666666666658,32.945,31.147499999999997,2016/03/07,33.15,12846,33.6,1291,32.8,33.3,1083,346,10550,144
203,33.31,27.041666666666668,29.508333333333326,32.83,30.919999999999998,2016/03/04,33.75,12845,34.5,1391,32.55,33.2,2635,311,10362,141
204,33.02,26.935,29.42416666666666,32.45,30.662499999999994,2016/03/03,33.2,12878,34.1,1391,33.15,33.6,1405,320,10137,148
205,32.86,26.832916666666666,29.330833333333324,32.11,30.432499999999997,2016/03/02,33.6,12998,34.5,1391,33.35,33.8,3519,325,10357,149
206,32.71,26.7275,29.209166666666658,31.630000000000003,30.212499999999995,2016/03/01,33.3,13223,33.4,1391,32.9,33.2,1686,410,9498,155
207,32.49,26.615,29.063333333333325,31.080000000000002,29.897499999999997,2016/02/26,32.7,13273,33.15,1391,32.35,32.35,887,376,9000,152
208,32.35000000000001,26.499166666666667,28.914166666666656,30.645,29.557499999999997,2016/02/25,32.3,13319,33.2,1391,32.3,32.7,1166,387,9064,132
209,31.880000000000003,26.378333333333334,28.776666666666657,30.27,29.222499999999997,2016/02/24,32.4,13331,33.0,1391,32.1,32.65,1505,359,9070,128
210,31.360000000000003,26.266666666666666,28.644999999999992,29.945,28.904999999999994,2016/02/23,32.85,13303,33.5,1241,32.5,32.8,3722,347,9259,139
211,30.55,26.13875,28.507499999999993,29.595,28.534999999999997,2016/02/22,32.2,13250,33.0,1241,31.55,33.0,2040,302,8589,160
212,29.669999999999998,26.019166666666667,28.380833333333324,29.35,28.159999999999997,2016/02/19,32.0,13222,32.2,1091,30.0,30.0,4050,312,8084,118
213,28.940000000000005,25.915833333333335,28.256666666666657,29.01,27.809999999999995,2016/02/18,29.95,13165,30.9,1091,29.95,30.5,1820,261,7575,116
214,28.660000000000004,25.83541666666667,28.159166666666657,28.875,27.6175,2016/02/17,29.8,13189,29.85,1091,28.65,29.1,1125,298,7288,79
215,28.53,25.754583333333336,28.060833333333324,28.755000000000003,27.359999999999996,2016/02/16,28.8,13145,29.2,1091,28.0,28.4,667,222,7233,72
216,28.639999999999997,25.686249999999998,27.98166666666666,28.794999999999998,27.152499999999996,2016/02/15,27.8,13285,28.7,1091,27.8,28.2,346,289,7199,65
217,29.03,25.627083333333328,27.928333333333324,28.714999999999996,27.129999999999995,2016/02/03,28.35,13232,28.7,1091,28.1,28.3,517,279,7275,73
218,29.080000000000002,25.56541666666666,27.865833333333324,28.47,27.0425,2016/02/02,28.55,13226,29.2,1003,28.5,29.2,716,276,7339,77
219,29.090000000000003,25.50124999999999,27.81249999999999,28.175,27.025,2016/02/01,29.15,13225,29.8,1003,29.1,29.75,508,270,7488,90
220,28.98,25.43499999999999,27.75333333333332,27.865,26.982499999999998,2016/01/30,29.35,13105,30.3,1003,29.25,30.3,1032,286,7538,126
221,28.95,25.359583333333326,27.68583333333332,27.475,26.922499999999996,2016/01/29,29.75,13139,30.95,1003,28.25,28.6,3494,370,7561,134
222,28.4,25.284166666666657,27.619999999999987,26.97,26.8875,2016/01/28,28.6,13174,29.15,1003,28.3,28.3,659,372,7056,241
223,27.859999999999996,25.213333333333324,27.566666666666656,26.609999999999996,26.934999999999995,2016/01/27,28.6,13174,29.3,1003,28.3,28.9,762,417,7044,238
224,27.259999999999998,25.14166666666666,27.514166666666657,26.359999999999996,26.99,2016/01/26,28.6,13153,29.3,1003,28.3,29.3,1021,389,7101,233
225,26.75,25.07166666666666,27.457499999999992,25.964999999999996,27.04,2016/01/25,29.2,13080,29.6,1003,27.5,27.5,2148,389,7153,216
226,26.0,24.994999999999994,27.373333333333328,25.51,27.075,2016/01/22,27.0,13018,27.2,1003,26.2,26.45,1476,371,7115,104
227,25.54,24.93916666666666,27.333333333333325,25.545,27.175,2016/01/21,25.9,13020,26.4,1003,25.75,26.2,786,250,7094,51
228,25.36,24.897083333333327,27.323333333333323,25.615,27.3825,2016/01/20,25.6,12877,26.8,803,25.4,26.2,1302,228,7194,37
229,25.46,24.859583333333326,27.320833333333326,25.875,27.6125,2016/01/19,26.05,12879,26.4,761,25.25,25.65,669,212,7332,31
230,25.18,24.80874999999999,27.31166666666666,26.1,27.869999999999997,2016/01/18,25.45,12731,25.7,761,24.15,24.15,499,237,7425,51
231,25.02,24.76166666666666,27.317499999999992,26.369999999999997,28.1875,2016/01/15,24.7,12659,25.55,561,24.7,25.3,611,209,7440,42
232,25.55,24.71458333333333,27.334166666666658,26.805,28.5375,2016/01/14,25.0,12503,25.2,561,24.2,25.15,1171,225,7551,35
233,25.869999999999997,24.682083333333328,27.34749999999999,27.259999999999998,28.797500000000003,2016/01/13,26.1,12400,26.5,561,25.1,25.15,2462,203,7480,32
234,26.29,24.641666666666662,27.34416666666666,27.619999999999997,29.002499999999998,2016/01/12,24.65,12317,25.35,561,23.85,24.9,1299,201,7505,60
235,27.02,24.62208333333333,27.364999999999995,28.115,29.2825,2016/01/11,24.65,12499,26.6,661,24.65,26.2,1657,200,7516,53
236,27.72,24.60583333333333,27.37916666666666,28.640000000000004,29.525,2016/01/08,27.35,12512,27.55,846,26.05,26.6,784,182,7583,53
237,28.060000000000002,24.568333333333328,27.351666666666663,28.805,29.732499999999998,2016/01/07,26.6,12559,28.5,1186,26.5,28.3,1212,178,7630,202
238,28.65,24.539166666666663,27.338333333333328,29.150000000000006,29.905,2016/01/06,28.2,12669,28.6,1186,27.4,28.3,981,277,7946,248
239,28.95,24.499166666666664,27.299999999999997,29.350000000000005,30.127499999999998,2016/01/05,28.3,12595,28.85,1186,28.05,28.15,652,271,8088,407
240,29.21,24.460416666666664,27.25583333333333,29.640000000000004,30.377499999999998,2016/01/04,28.15,12624,29.2,1186,28.15,29.05,805,281,8070,500
241,29.560000000000002,24.424166666666665,27.216666666666665,30.005000000000003,30.519999999999992,2015/12/31,29.05,12457,29.7,1186,29.0,29.55,570,263,8260,515
242,29.55,24.38375,27.164166666666667,30.27,30.634999999999998,2015/12/30,29.55,12481,30.35,1186,29.5,30.35,561,279,8300,529
243,29.65,24.336666666666662,27.083333333333332,30.335,30.669999999999995,2015/12/29,29.7,12483,29.95,1186,29.2,29.95,499,238,8209,531
244,29.75,24.29208333333333,26.995833333333334,30.385,30.619999999999994,2015/12/28,29.6,12498,30.6,2087,29.2,30.5,769,288,8150,537
245,30.07,24.250416666666663,26.909166666666668,30.45,30.519999999999992,2015/12/25,29.9,12604,29.9,2087,28.5,28.5,1129,366,8096,538
246,30.45,24.204583333333332,26.8175,30.410000000000004,30.339999999999996,2015/12/24,29.0,12643,30.8,2087,28.75,30.4,1745,396,8053,540
247,30.99,24.171249999999997,26.741666666666667,30.660000000000004,30.117499999999996,2015/12/23,30.05,12831,30.85,2148,30.05,30.5,833,386,8155,534
248,31.02,24.130416666666665,26.646666666666665,30.660000000000004,29.8025,2015/12/22,30.2,12660,31.5,2148,30.15,31.2,1730,356,8159,538
249,31.02,24.088749999999997,26.535000000000004,30.905,29.494999999999997,2015/12/21,31.2,12618,31.6,2148,30.9,31.4,1111,336,8282,539
250,30.830000000000002,24.032083333333333,26.40666666666667,31.115000000000002,29.159999999999997,2015/12/18,31.8,12605,32.45,2148,31.4,32.25,2515,336,8388,541
251,30.370000000000005,23.972083333333334,26.268333333333334,31.035000000000004,28.8,2015/12/17,31.7,12683,31.8,2148,30.35,30.7,2986,336,8225,535
252,30.330000000000002,23.914166666666667,26.131666666666668,31.0,28.445000000000004,2015/12/16,30.2,12748,31.0,2148,29.5,31.0,1366,340,8341,538
253,30.3,23.86708333333333,26.019166666666667,31.005000000000003,28.162500000000005,2015/12/15,30.2,12944,31.4,2148,30.2,30.9,1302,397,8276,532
254,30.79,23.81875,25.906666666666673,30.855,27.857500000000005,2015/12/14,30.25,12347,31.5,2148,28.7,28.7,3022,450,8385,538
255,31.4,23.77583333333333,25.79333333333334,30.590000000000003,27.540000000000003,2015/12/11,29.5,12273,33.2,2148,29.2,32.5,5082,450,8851,553
256,31.7,23.738333333333333,25.69166666666667,30.270000000000003,27.267500000000005,2015/12/10,31.5,12202,31.5,2148,29.0,30.5,3071,441,9043,459
257,31.670000000000005,23.685,25.55833333333334,29.575000000000006,26.922500000000007,2015/12/09,30.05,12017,32.95,1948,29.85,32.75,3592,431,8923,481
258,31.71,23.637916666666666,25.437500000000007,28.945000000000004,26.650000000000006,2015/12/08,32.65,12122,34.0,1998,32.2,34.0,3153,640,9405,454
259,30.919999999999998,23.565833333333334,25.259166666666673,28.085,26.285000000000007,2015/12/07,33.3,11887,33.75,1988,30.8,31.5,6666,597,9105,481
260,29.78,23.490833333333335,25.067500000000006,27.205000000000005,25.900000000000013,2015/12/04,31.0,11665,31.8,1938,30.7,31.5,1579,582,8427,285
261,28.840000000000003,23.431666666666665,24.909166666666675,26.565000000000005,25.61500000000001,2015/12/03,31.35,11714,31.8,1938,29.6,30.2,3069,603,8259,135
262,27.48,23.365416666666665,24.73333333333334,25.890000000000004,25.337500000000013,2015/12/02,30.25,11481,31.55,1388,30.1,30.2,5844,563,8186,113
263,26.18,23.309166666666666,24.575000000000003,25.320000000000004,25.09500000000001,2015/12/01,28.7,11504,29.5,1388,28.0,28.05,2749,533,7816,97
264,25.25,23.25583333333333,24.445833333333336,24.860000000000003,24.93250000000001,2015/11/30,27.6,11287,27.65,1223,26.35,26.55,2312,338,7752,62
265,24.63,23.232083333333332,24.335000000000004,24.490000000000002,24.812500000000007,2015/11/27,26.3,11288,27.0,523,24.8,24.8,1876,288,7470,22
266,24.29,23.221666666666668,24.245833333333337,24.265000000000004,24.70500000000001,2015/11/26,24.55,11277,24.7,383,23.75,23.75,260,174,7244,24
267,24.3,23.229166666666668,24.16666666666667,24.270000000000003,24.707500000000007,2015/11/25,23.75,11272,24.3,148,23.5,24.0,169,154,7187,31
268,24.46,23.247916666666665,24.08416666666667,24.355,24.785000000000007,2015/11/24,24.05,11281,24.45,2,24.0,24.3,58,118,7216,21
269,24.47,23.266666666666666,23.980000000000004,24.485,24.855000000000008,2015/11/23,24.5,11280,24.85,2,24.2,24.5,142,118,7210,21
270,24.35,23.284166666666668,23.888333333333335,24.595,24.90500000000001,2015/11/20,24.6,11296,24.8,2,24.4,24.4,79,122,7192,19
271,24.240000000000002,23.302916666666665,23.770000000000003,24.665,24.965000000000007,2015/11/19,24.6,11302,24.8,2,24.35,24.75,104,122,7186,20
272,24.240000000000002,23.31833333333333,23.657500000000006,24.785,25.020000000000003,2015/11/18,24.55,11286,24.7,2,24.15,24.45,108,122,7186,20
273,24.25,23.330416666666668,23.575000000000003,24.869999999999997,25.082500000000003,2015/11/17,24.1,11283,24.7,2,24.05,24.7,116,122,7209,21
274,24.5,23.347916666666666,23.51166666666667,25.005,25.172500000000003,2015/11/16,23.9,11277,24.3,2,23.1,23.6,98,122,7252,21
275,24.839999999999996,23.36625,23.448333333333338,25.134999999999998,25.2725,2015/11/13,24.05,11256,24.4,2,24.05,24.05,95,122,7264,21
276,25.089999999999996,23.38291666666667,23.390833333333337,25.145,25.345000000000002,2015/11/12,24.6,11236,25.0,2,24.0,25.0,274,122,7275,44
277,25.330000000000002,23.396250000000002,23.32583333333334,25.145,25.4,2015/11/11,24.6,11246,25.6,2,24.6,25.25,204,122,7341,51
278,25.49,23.410416666666666,23.265000000000004,25.215,25.46,2015/11/10,25.35,11251,25.6,2,25.2,25.6,160,122,7337,63
279,25.51,23.418333333333333,23.190000000000005,25.225,25.487499999999997,2015/11/09,25.6,11254,26.2,2,25.5,26.2,291,199,7405,60
280,25.43,23.419166666666666,23.116666666666674,25.215,25.489999999999995,2015/11/06,25.3,11254,25.8,2,25.2,25.8,186,199,7434,61
281,25.2,23.4325,23.033333333333342,25.265,25.514999999999993,2015/11/05,25.8,11243,25.85,2,25.3,25.4,295,199,7439,61
282,24.96,23.441666666666666,22.94833333333334,25.255000000000003,25.519999999999996,2015/11/04,25.4,11237,25.6,2,25.15,25.6,148,244,7481,62
283,24.94,23.454583333333332,22.86000000000001,25.294999999999998,25.484999999999996,2015/11/03,25.45,11238,25.65,2,25.4,25.4,132,244,7493,61
284,24.94,23.46333333333333,22.769166666666674,25.339999999999996,25.434999999999995,2015/11/02,25.2,11207,25.2,2,24.05,24.15,280,243,7514,61
285,25.0,23.478333333333335,22.685833333333342,25.41,25.394999999999996,2015/10/30,24.15,11170,24.7,2,24.1,24.7,213,243,7504,63
286,25.330000000000002,23.51833333333333,22.616666666666678,25.544999999999998,25.407499999999995,2015/10/29,24.6,11175,25.35,2,24.6,25.35,278,243,7547,63
287,25.55,23.558333333333334,22.54500000000001,25.654999999999994,25.399999999999995,2015/10/28,25.3,11140,25.65,2,25.3,25.6,114,245,7539,63
288,25.65,23.592500000000005,22.470833333333342,25.704999999999995,25.352499999999996,2015/10/27,25.45,11124,25.85,2,25.45,25.55,160,302,7549,45
289,25.74,23.622083333333332,22.398333333333337,25.75,25.254999999999995,2015/10/26,25.5,11107,26.1,2,25.5,25.9,225,325,7551,45
290,25.82,23.65875,22.30583333333334,25.764999999999997,25.154999999999994,2015/10/23,25.8,11094,26.0,2,25.6,25.9,267,333,7571,45
291,25.76,23.693333333333335,22.205833333333338,25.764999999999997,25.039999999999996,2015/10/22,25.7,11073,25.8,2,25.5,25.8,107,333,7552,45
292,25.76,23.73041666666667,22.095000000000006,25.785000000000004,24.929999999999996,2015/10/21,25.8,11044,26.1,2,25.4,26.1,231,330,7545,46
293,25.76,23.765000000000004,22.01666666666667,25.675,24.812499999999993,2015/10/20,25.9,11071,26.1,2,25.75,25.75,106,330,7488,46
294,25.76,23.79833333333334,21.93916666666667,25.53,24.689999999999994,2015/10/19,25.9,11052,26.0,2,25.5,25.5,192,330,7435,47
295,25.71,23.833750000000006,21.879166666666666,25.380000000000003,24.567499999999995,2015/10/16,25.5,11027,26.1,2,25.1,26.1,316,336,7425,48
296,25.77,23.876250000000006,21.8325,25.270000000000003,24.462499999999995,2015/10/15,25.7,11016,26.5,2,25.7,26.1,558,336,7418,46
297,25.810000000000002,23.912083333333335,21.785,25.145000000000003,24.352499999999996,2015/10/14,25.8,10980,26.1,2,25.4,26.1,304,337,7361,56
298,25.590000000000003,23.94708333333334,21.74,25.0,24.202499999999993,2015/10/13,25.9,10994,25.9,2,25.3,25.8,174,327,7353,51
299,25.3,23.98583333333334,21.69833333333333,24.759999999999998,24.004999999999995,2015/10/12,25.65,10979,26.15,2,25.6,26.0,287,328,7343,52
300,25.05,23.98583333333334,21.665,24.544999999999998,23.812499999999996,2015/10/08,25.8,10976,26.3,2,25.8,26.2,597,334,7274,51
301,24.77,23.98583333333334,21.631666666666664,24.314999999999998,23.597499999999997,2015/10/07,25.9,11003,26.25,2,24.7,24.7,845,332,7212,55
302,24.48,23.98583333333334,21.60333333333333,24.075,23.342499999999994,2015/10/06,24.7,10998,24.9,2,24.5,24.75,292,319,7206,52
303,24.409999999999997,23.98583333333334,21.589999999999996,23.95,23.145,2015/10/05,24.45,11022,24.95,2,24.25,24.95,184,311,7134,115
304,24.22,23.98583333333334,21.58833333333333,23.85,22.97,2015/10/02,24.4,10963,24.6,2,24.3,24.4,181,191,7129,114
305,24.04,23.98583333333334,21.59166666666666,23.755,22.797499999999996,2015/10/01,24.4,10940,24.5,2,23.8,24.5,242,186,7080,109
306,23.860000000000003,23.98583333333334,21.59166666666666,23.654999999999998,22.624999999999996,2015/09/30,24.45,10931,24.5,2,24.0,24.0,232,186,7052,104
307,23.669999999999998,23.98583333333334,21.600833333333334,23.56,22.3925,2015/09/25,24.35,10940,25.2,2,23.45,23.5,1092,186,7058,84
308,23.490000000000002,23.98583333333334,21.614166666666666,23.405,22.115,2015/09/24,23.5,10959,23.5,2,23.0,23.5,312,189,6987,50
309,23.48,23.98583333333334,21.6425,23.25,21.830000000000002,2015/09/23,23.5,10966,23.7,2,23.2,23.2,215,186,7009,18
310,23.470000000000002,23.98583333333334,21.657499999999995,23.080000000000002,21.605,2015/09/22,23.5,10802,23.7,2,23.3,23.5,188,202,7042,20
311,23.45,23.98583333333334,21.675833333333333,22.880000000000003,21.305,2015/09/21,23.5,10842,23.5,2,22.8,23.0,176,202,7036,20
312,23.45,23.98583333333334,21.696666666666665,22.610000000000003,21.0225,2015/09/18,23.45,10850,23.55,2,23.3,23.45,188,198,7043,20
313,23.32,23.98583333333334,21.714999999999996,22.34,20.830000000000002,2015/09/17,23.45,10881,23.55,2,23.1,23.5,339,197,7061,24
314,23.020000000000003,23.98583333333334,21.730833333333333,22.09,20.672500000000003,2015/09/16,23.45,10879,23.9,2,23.3,23.85,289,195,7086,24
315,22.69,23.98583333333334,21.758333333333333,21.84,20.505000000000003,2015/09/15,23.4,10820,23.5,2,22.9,23.5,276,188,7085,27
316,22.31,23.98583333333334,21.785,21.595000000000002,20.365000000000006,2015/09/14,23.5,10785,23.5,2,22.8,22.8,538,201,7119,26
317,21.77,23.98583333333334,21.811666666666667,21.225,20.225000000000005,2015/09/11,22.8,10848,23.0,2,21.9,22.0,563,206,7152,28
318,21.36,23.98583333333334,21.83833333333333,20.825000000000003,20.132500000000004,2015/09/10,21.95,10868,22.1,2,21.8,21.95,268,203,7065,21
319,21.16,23.98583333333334,21.8725,20.410000000000004,20.077500000000008,2015/09/09,21.8,10901,22.0,2,21.75,21.75,273,175,7089,16
320,20.990000000000002,23.98583333333334,21.914166666666667,20.130000000000003,20.047500000000007,2015/09/08,21.5,10889,21.9,2,20.8,21.0,411,152,7095,22
321,20.880000000000003,23.98583333333334,21.954166666666666,19.730000000000004,19.987500000000004,2015/09/07,20.8,10872,20.85,2,20.45,20.7,129,150,7108,18
322,20.68,23.98583333333334,21.9975,19.435000000000002,19.9825,2015/09/04,20.75,10887,20.95,2,19.9,20.8,1112,150,7087,12
323,20.29,23.98583333333334,22.043333333333333,19.320000000000004,19.950000000000003,2015/09/03,20.95,10875,21.45,2,20.75,21.0,662,149,7020,11
324,19.66,23.98583333333334,22.06583333333333,19.255000000000003,19.902500000000003,2015/09/02,20.95,10838,21.0,2,20.4,20.5,261,149,6927,16
325,19.27,23.98583333333334,22.129166666666663,19.17,19.865000000000002,2015/09/01,20.95,10787,21.0,2,19.7,19.8,704,169,6932,16
326,18.58,23.98583333333334,22.197499999999994,19.135,19.817500000000003,2015/08/31,19.8,10774,19.8,2,18.8,18.8,452,146,7031,26
327,18.19,23.98583333333334,22.291666666666664,19.225,19.8425,2015/08/28,18.8,10769,19.15,2,18.0,18.45,492,122,7098,9
328,18.35,23.98583333333334,22.411666666666665,19.439999999999998,19.945,2015/08/27,17.8,10736,18.2,2,17.6,17.7,663,122,7206,0
329,18.85,23.98583333333334,22.55333333333333,19.744999999999997,20.110000000000003,2015/08/26,19.0,10694,19.0,2,17.5,17.7,592,122,7100,0
330,19.07,23.98583333333334,22.679999999999996,19.964999999999996,20.157500000000002,2015/08/25,17.5,10720,17.7,2,16.25,16.25,438,123,7058,0
331,19.690000000000005,23.98583333333334,22.83583333333333,20.244999999999997,20.2725,2015/08/24,17.85,10722,19.5,2,17.65,19.2,691,123,7131,0
332,20.26,23.98583333333334,22.979166666666664,20.529999999999994,20.332500000000003,2015/08/21,19.6,10771,20.0,2,19.6,20.0,325,124,7471,0
333,20.53,23.98583333333334,23.08583333333333,20.579999999999995,20.407500000000002,2015/08/20,20.3,10788,20.3,2,19.7,20.0,206,122,7683,1
334,20.639999999999997,23.98583333333334,23.184166666666666,20.549999999999994,20.455000000000002,2015/08/19,20.1,10819,20.6,2,20.1,20.6,283,124,7759,7
335,20.86,23.98583333333334,23.284166666666668,20.559999999999995,20.565,2015/08/18,20.6,10851,21.0,2,20.6,20.7,196,122,7786,14
336,20.800000000000004,23.98583333333334,23.374999999999996,20.499999999999996,20.669999999999998,2015/08/17,20.7,10900,20.95,2,20.65,20.95,117,122,7764,14
337,20.800000000000004,23.98583333333334,23.46666666666666,20.459999999999997,20.7775,2015/08/14,20.95,10913,20.95,2,20.75,20.85,131,122,7758,19
338,20.630000000000003,23.98583333333334,23.55583333333333,20.449999999999996,20.885,2015/08/13,20.85,10968,21.2,2,20.6,20.6,153,122,7759,19
339,20.46,23.98583333333334,23.646666666666658,20.474999999999998,21.0125,2015/08/12,21.2,10981,21.3,2,19.35,19.35,920,122,7719,19
340,20.259999999999998,23.98583333333334,23.721666666666657,20.349999999999998,21.134999999999998,2015/08/11,20.3,10991,21.15,2,20.3,20.85,231,122,7823,24
341,20.200000000000003,23.98583333333334,23.83166666666666,20.299999999999997,21.31,2015/08/10,20.7,10990,20.85,2,19.7,19.7,210,122,7842,15
342,20.12,23.98583333333334,23.934999999999995,20.134999999999998,21.485000000000003,2015/08/07,20.1,10998,20.1,2,19.25,19.25,124,122,7880,15
343,20.270000000000003,23.98583333333334,24.049166666666665,20.235,21.675000000000004,2015/08/06,20.0,11014,20.4,2,20.0,20.2,151,122,7914,24
344,20.490000000000002,23.98583333333334,24.157499999999995,20.36,21.892500000000002,2015/08/05,20.2,10989,20.6,2,20.0,20.15,97,122,7979,22
345,20.44,23.98583333333334,24.27083333333333,20.57,22.1125,2015/08/04,20.0,11026,20.8,2,19.8,20.3,308,122,7976,22
346,20.400000000000002,23.98583333333334,24.419999999999998,20.839999999999996,22.332500000000003,2015/08/03,20.3,11016,20.7,2,20.3,20.6,176,122,8076,20
347,20.150000000000002,23.98583333333334,24.571666666666665,21.095,22.567500000000003,2015/07/31,20.85,11025,21.1,2,20.8,21.1,159,122,8136,26
348,20.200000000000003,23.98583333333334,24.714166666666667,21.32,22.782500000000002,2015/07/30,21.1,11085,21.5,2,20.5,20.5,440,122,8149,38
349,20.23,23.98583333333334,24.84583333333334,21.55,22.9875,2015/07/29,19.95,11089,20.55,2,19.9,20.55,191,122,8159,39
350,20.7,23.98583333333334,25.01166666666667,21.92,23.21,2015/07/28,19.8,11081,19.9,2,19.1,19.1,401,122,8181,40
351,21.279999999999998,23.98583333333334,25.18083333333334,22.32,23.450000000000003,2015/07/27,19.05,11086,21.0,2,19.05,21.0,1000,122,8680,58
352,22.04,23.98583333333334,25.36583333333334,22.835,23.735000000000003,2015/07/24,21.1,11141,21.35,2,21.05,21.2,224,122,9267,54
353,22.44,23.98583333333334,25.513333333333343,23.115000000000002,23.907500000000002,2015/07/23,21.25,11083,22.05,2,21.2,22.05,622,124,9355,49
354,22.87,23.98583333333334,25.657500000000013,23.425,24.065,2015/07/22,22.3,10869,22.6,2,22.25,22.6,354,125,10188,46
355,23.140000000000004,23.98583333333334,25.788333333333348,23.654999999999998,24.205000000000002,2015/07/21,22.7,10876,23.0,2,22.6,22.85,213,126,10202,26
356,23.360000000000003,23.98583333333334,25.920000000000012,23.825,24.32,2015/07/20,22.85,11059,23.3,2,22.85,23.3,233,133,10253,27
357,23.630000000000003,23.98583333333334,26.03916666666668,24.04,24.4325,2015/07/17,23.1,11185,23.3,2,23.05,23.2,134,135,10264,23
358,23.790000000000003,23.98583333333334,26.154166666666683,24.245,24.4975,2015/07/16,23.4,11261,23.7,2,23.3,23.5,121,137,10343,25
359,23.98,23.98583333333334,26.273333333333348,24.425,24.5275,2015/07/15,23.65,11345,24.1,2,23.55,23.95,202,135,10334,25
360,24.169999999999998,23.98583333333334,26.273333333333348,24.5,24.560000000000002,2015/07/14,23.8,11371,24.4,2,23.8,24.3,120,135,10309,25
361,24.29,23.98583333333334,26.273333333333348,24.58,24.565,2015/07/13,24.2,11404,25.1,2,24.0,24.9,165,135,10327,26
362,24.45,23.98583333333334,26.273333333333348,24.634999999999998,24.525,2015/07/09,23.9,11467,24.3,2,22.8,22.8,193,135,10308,25
363,24.7,23.98583333333334,26.273333333333348,24.7,24.505000000000003,2015/07/08,24.35,11457,24.6,2,23.8,24.6,385,134,10389,34
364,24.869999999999997,23.98583333333334,26.273333333333348,24.705000000000002,24.4025,2015/07/07,24.6,11452,25.4,2,24.4,24.8,95,134,10491,31
365,24.830000000000002,23.98583333333334,26.273333333333348,24.755000000000003,24.410000000000004,2015/07/06,24.4,11448,24.8,2,23.7,23.75,126,134,10503,31
366,24.869999999999997,23.98583333333334,26.273333333333348,24.815,24.442500000000003,2015/07/03,25.0,11445,25.4,2,24.85,25.15,102,134,10485,37
367,24.82,23.98583333333334,26.273333333333348,24.825,24.465,2015/07/02,25.15,11448,25.55,2,25.15,25.55,153,134,10502,29
368,24.7,23.98583333333334,26.273333333333348,24.75,24.5075,2015/07/01,25.2,11442,25.8,2,23.9,24.4,389,140,10543,30
369,24.540000000000003,23.98583333333334,26.273333333333348,24.630000000000003,24.562500000000004,2015/06/30,24.4,11446,24.65,2,24.1,24.2,218,140,10612,30
370,24.68,23.98583333333334,26.273333333333348,24.62,24.672500000000003,2015/06/29,24.6,11407,24.75,2,24.1,24.75,181,141,10602,30
371,24.759999999999998,23.98583333333334,26.273333333333348,24.55,24.785000000000004,2015/06/26,24.75,11427,25.4,2,24.55,24.8,162,139,10615,26
372,24.830000000000002,23.98583333333334,26.273333333333348,24.415,24.87,2015/06/25,24.55,11456,24.7,2,24.25,24.55,281,139,10665,27
373,24.8,23.98583333333334,26.273333333333348,24.31,24.942500000000003,2015/06/24,24.4,11437,25.05,2,24.3,24.8,316,153,10640,27
374,24.72,23.98583333333334,26.273333333333348,24.1,25.032500000000002,2015/06/23,25.1,11412,25.5,2,24.7,24.7,124,152,10633,26
375,24.56,23.98583333333334,26.273333333333348,24.065,25.082500000000003,2015/06/22,25.0,11442,25.1,2,24.6,25.1,188,152,10633,25
376,24.34,23.98583333333334,26.273333333333348,24.07,25.135,2015/06/18,25.1,11596,25.1,2,24.2,24.5,256,152,10605,27
377,23.999999999999996,23.98583333333334,26.273333333333348,24.105,25.19,2015/06/17,24.4,11597,24.5,2,24.05,24.5,121,152,10636,34
378,23.82,23.98583333333334,26.273333333333348,24.265,25.285000000000004,2015/06/16,24.0,11613,24.3,2,23.8,24.3,116,152,10663,48
379,23.479999999999997,23.98583333333334,26.273333333333348,24.495,25.400000000000002,2015/06/15,24.3,11583,24.5,2,23.85,24.5,184,152,10673,48
380,23.57,23.98583333333334,26.273333333333348,24.725,25.470000000000002,2015/06/12,23.9,11572,24.0,2,23.05,23.05,113,152,10645,49
381,23.8,23.98583333333334,26.273333333333348,25.02,25.620000000000005,2015/06/11,23.4,11576,24.7,2,23.0,23.5,500,152,10652,48
382,24.21,23.98583333333334,26.273333333333348,25.325,25.795000000000005,2015/06/10,23.5,11583,23.5,2,22.3,22.3,724,157,10837,47
383,24.71,23.98583333333334,26.273333333333348,25.575,25.9675,2015/06/09,22.3,11556,24.9,2,22.3,24.2,1604,157,11203,62
384,25.509999999999998,23.98583333333334,26.273333333333348,25.965000000000003,26.177500000000002,2015/06/08,24.75,11572,25.0,2,24.5,25.0,428,189,11969,77
385,25.880000000000003,23.98583333333334,26.273333333333348,26.1,26.290000000000003,2015/06/05,25.05,11557,25.65,2,25.0,25.25,476,200,12000,49
386,26.24,23.98583333333334,26.273333333333348,26.2,26.485000000000003,2015/06/04,25.45,11604,26.4,2,25.45,25.9,600,224,11998,46
387,26.439999999999998,23.98583333333334,26.273333333333348,26.275,26.682500000000005,2015/06/03,26.0,11627,26.35,2,25.05,26.3,525,181,12112,47
388,26.439999999999998,23.98583333333334,26.273333333333348,26.305,26.852500000000003,2015/06/02,26.3,11751,26.8,2,26.3,26.6,202,182,12170,78
389,26.419999999999998,23.98583333333334,26.273333333333348,26.305,26.987500000000004,2015/06/01,26.6,11780,26.9,2,26.2,26.85,251,296,12202,40
390,26.32,23.98583333333334,26.273333333333348,26.215000000000003,27.152500000000003,2015/05/29,26.85,11865,26.95,2,26.55,26.6,300,183,12203,40
391,26.160000000000004,23.98583333333334,26.273333333333348,26.220000000000006,27.307499999999997,2015/05/28,26.45,11909,26.5,2,26.2,26.4,282,183,12355,44
392,26.110000000000003,23.98583333333334,26.273333333333348,26.265000000000004,27.4925,2015/05/27,26.0,11910,26.3,2,26.0,26.0,285,183,12446,40
393,26.169999999999998,23.98583333333334,26.273333333333348,26.360000000000003,27.689999999999998,2015/05/26,26.2,11896,26.3,2,26.0,26.1,219,183,12454,41
394,26.189999999999998,23.98583333333334,26.273333333333348,26.390000000000004,27.875,2015/05/25,26.1,11857,26.45,2,26.05,26.4,288,183,12467,41
395,26.109999999999996,23.98583333333334,26.273333333333348,26.48,28.077499999999997,2015/05/22,26.05,11931,26.5,2,25.95,26.2,543,183,12497,43
396,26.279999999999994,23.98583333333334,26.273333333333348,26.77,28.304999999999996,2015/05/21,26.2,11892,26.5,95,26.05,26.2,174,183,12447,44
397,26.419999999999998,23.98583333333334,26.273333333333348,27.090000000000003,28.494999999999994,2015/05/20,26.3,11859,26.65,95,26.0,26.5,419,183,12453,61
398,26.55,23.98583333333334,26.273333333333348,27.4,28.679999999999996,2015/05/19,26.3,12000,26.3,294,25.25,25.7,773,185,12510,67
399,26.589999999999996,23.98583333333334,26.273333333333348,27.669999999999998,28.892499999999995,2015/05/18,25.7,12048,26.9,294,25.6,26.9,660,184,12556,46
400,26.85,23.98583333333334,26.273333333333348,28.089999999999996,28.892499999999995,2015/05/15,26.9,11992,27.25,309,26.65,26.65,340,184,12597,43
401,27.26,23.98583333333334,26.273333333333348,28.395,28.892499999999995,2015/05/14,26.9,11811,27.1,538,26.4,27.0,584,207,12618,26
402,27.76,23.98583333333334,26.273333333333348,28.72,28.892499999999995,2015/05/13,26.95,11727,27.25,668,26.6,26.9,684,204,12578,60
403,28.25,23.98583333333334,26.273333333333348,29.02,28.892499999999995,2015/05/12,26.5,11681,27.0,668,26.25,26.9,908,311,12542,37
404,28.75,23.98583333333334,26.273333333333348,29.359999999999996,28.892499999999995,2015/05/11,27.0,11702,27.6,901,26.95,26.95,2334,188,12570,31
405,29.330000000000002,23.98583333333334,26.273333333333348,29.675,28.892499999999995,2015/05/08,28.95,11592,29.6,1076,28.85,29.6,405,188,13042,188
406,29.53,23.98583333333334,26.273333333333348,29.839999999999996,28.892499999999995,2015/05/07,29.4,11556,29.5,1308,29.0,29.3,245,195,13154,10
407,29.68,23.98583333333334,26.273333333333348,29.9,28.892499999999995,2015/05/06,29.4,11564,29.9,1505,28.9,29.0,350,237,13238,11
408,29.79,23.98583333333334,26.273333333333348,29.959999999999997,28.892499999999995,2015/05/05,29.0,11576,29.8,1505,28.75,29.8,880,231,13323,12
409,29.97,23.98583333333334,26.273333333333348,30.115,28.892499999999995,2015/05/04,29.9,11600,30.05,1505,29.9,30.0,410,241,13624,10
410,30.02,23.98583333333334,26.273333333333348,30.115,28.892499999999995,2015/04/30,29.95,11597,30.15,1505,29.85,30.15,453,241,13817,18
411,30.15,23.98583333333334,26.273333333333348,30.115,28.892499999999995,2015/04/29,30.15,11561,30.3,1505,29.8,30.0,690,256,13941,18
412,30.119999999999997,23.98583333333334,26.273333333333348,30.115,28.892499999999995,2015/04/28,29.95,11555,30.05,1505,29.7,29.9,674,258,14112,18
413,30.130000000000003,23.98583333333334,26.273333333333348,30.115,28.892499999999995,2015/04/27,29.9,11665,30.25,1505,29.9,30.15,679,258,14370,3
414,30.259999999999998,23.98583333333334,26.273333333333348,30.115,28.892499999999995,2015/04/24,30.15,11700,30.6,1372,30.05,30.6,1009,258,14690,4
415,30.259999999999998,23.98583333333334,26.273333333333348,30.115,28.892499999999995,2015/04/23,30.6,11748,31.0,1372,30.15,30.35,633,258,14925,24
416,30.259999999999998,23.98583333333334,26.273333333333348,30.115,28.892499999999995,2015/04/22,30.0,11755,30.45,1372,29.55,30.45,732,258,15164,48
417,30.259999999999998,23.98583333333334,26.273333333333348,30.115,28.892499999999995,2015/04/21,30.0,11702,30.75,1432,30.0,30.55,664,267,15149,52
418,30.259999999999998,23.98583333333334,26.273333333333348,30.115,28.892499999999995,2015/04/20,30.55,11740,31.5,1346,30.15,31.4,940,258,15201,17
